Energy (eV),COHP,Int. COHP
-12.53784,0.0,0.0
-12.518248,0.0,0.0
-12.498519,0.0,0.0
-12.478927,0.0,0.0
-12.459198,0.0,0.0
-12.439606,0.0,0.0
-12.419878,0.0,0.0
-12.400285,0.0,0.0
-12.380557,0.0,0.0
-12.360965,0.0,0.0
-12.341236,0.0,0.0
-12.321644,0.0,0.0
-12.301915,0.0,0.0
-12.282323,0.0,0.0
-12.262595,0.0,0.0
-12.243002,0.0,0.0
-12.223274,0.0,0.0
-12.203681,0.0,0.0
-12.183953,0.0,0.0
-12.164361,0.0,0.0
-12.144632,0.0,0.0
-12.124904,0.0,0.0
-12.105312,0.0,0.0
-12.085583,0.0,0.0
-12.065991,0.0,0.0
-12.046262,0.0,0.0
-12.02667,0.0,0.0
-12.006942,0.0,0.0
-11.987349,0.0,0.0
-11.967621,0.0,0.0
-11.948029,0.0,0.0
-11.9283,0.0,0.0
-11.908708,0.0,0.0
-11.888979,0.0,0.0
-11.869387,0.0,0.0
-11.849659,0.0,0.0
-11.830066,0.0,0.0
-11.810338,0.0,0.0
-11.790745,0.0,0.0
-11.771017,0.0,0.0
-11.751289,0.0,0.0
-11.731696,0.0,0.0
-11.711968,0.0,0.0
-11.692376,0.0,0.0
-11.672647,0.0,0.0
-11.653055,0.0,0.0
-11.633326,0.0,0.0
-11.613734,0.0,0.0
-11.594006,0.0,0.0
-11.574413,0.0,0.0
-11.554685,0.0,0.0
-11.535092,0.0,0.0
-11.515364,0.0,0.0
-11.495772,0.0,0.0
-11.476043,0.0,0.0
-11.456451,0.0,0.0
-11.436723,0.0,0.0
-11.41713,0.0,0.0
-11.397402,0.0,0.0
-11.377809,0.0,0.0
-11.358081,0.0,0.0
-11.338353,0.0,0.0
-11.31876,0.0,0.0
-11.299032,0.0,0.0
-11.279439,0.0,0.0
-11.259711,0.0,0.0
-11.240119,0.0,0.0
-11.22039,0.0,0.0
-11.200798,0.0,0.0
-11.18107,0.0,0.0
-11.161477,0.0,0.0
-11.141749,0.0,0.0
-11.122156,0.0,0.0
-11.102428,0.0,0.0
-11.082836,0.0,0.0
-11.063107,0.0,0.0
-11.043515,0.0,0.0
-11.023787,0.0,0.0
-11.004194,0.0,0.0
-10.984466,0.0,0.0
-10.964737,0.0,0.0
-10.945145,0.0,0.0
-10.925417,0.0,0.0
-10.905824,0.0,0.0
-10.886096,0.0,0.0
-10.866503,0.0,0.0
-10.846775,0.0,0.0
-10.827183,0.0,0.0
-10.807454,0.0,0.0
-10.787862,0.0,0.0
-10.768134,0.0,0.0
-10.748541,0.0,0.0
-10.728813,0.002722,2e-06
-10.70922,0.125677,0.001517
-10.689492,0.203625,0.004916
-10.6699,0.261923,0.009449
-10.650171,0.320366,0.015232
-10.630579,0.371395,0.021995
-10.61085,0.437244,0.029945
-10.591258,0.543873,0.03938
-10.57153,0.58544,0.051045
-10.551801,0.647287,0.06256
-10.532209,0.745676,0.075974
-10.512481,0.69994,0.090456
-10.492888,1.158927,0.106065
-10.47316,1.129566,0.131919
-10.453567,1.418349,0.155047
-10.433839,1.962751,0.189269
-10.414247,3.062032,0.236251
-10.394518,3.210805,0.299313
-10.374926,2.763238,0.361364
-10.355198,1.115134,0.395702
-10.335605,0.750568,0.413496
-10.315877,0.503944,0.425618
-10.296284,0.120243,0.432525
-10.276556,0.0,0.432747
-10.256964,0.0,0.432747
-10.237235,0.0,0.432747
-10.217643,0.0,0.432747
-10.197914,0.0,0.432747
-10.178322,0.0,0.432747
-10.158594,0.005246,0.43275
-10.138865,0.11208,0.433607
-10.119273,0.423882,0.438738
-10.099545,0.911975,0.45297
-10.079952,1.26329,0.477345
-10.060224,1.279106,0.502736
-10.040631,1.145494,0.525411
-10.020903,1.000758,0.548781
-10.001311,0.816352,0.567865
-9.981582,0.373885,0.577007
-9.96199,0.189373,0.581476
-9.942261,0.192171,0.584957
-9.922669,0.137514,0.588328
-9.902941,0.127388,0.590901
-9.883348,0.142586,0.593423
-9.86362,0.166123,0.596542
-9.844028,0.11428,0.599039
-9.824299,0.227367,0.60193
-9.804707,0.281955,0.60792
-9.784978,0.425902,0.614111
-9.76525,0.503178,0.625384
-9.745658,0.306791,0.633185
-9.725929,0.184656,0.638257
-9.706337,0.257914,0.642739
-9.686608,0.005016,0.645427
-9.667016,0.011431,0.645768
-9.647288,-0.010032,0.64548
-9.627695,0.077481,0.64595
-9.607967,-0.149084,0.644588
-9.588375,-0.195591,0.641418
-9.568646,-0.425358,0.636077
-9.549054,-1.28211,0.619039
-9.529325,-0.067213,0.604194
-9.509733,0.317572,0.609918
-9.490005,0.321605,0.614028
-9.470412,0.734603,0.625794
-9.450684,1.035343,0.646606
-9.431092,0.877356,0.666994
-9.411363,1.519529,0.688182
-9.391771,1.735769,0.731671
-9.372042,1.510678,0.75995
-9.352314,1.80738,0.792899
-9.332722,0.0,0.807849
-9.312993,0.0,0.807849
-9.293401,0.0,0.807849
-9.273672,0.0,0.807849
-9.25408,0.0,0.807849
-9.234352,0.0,0.807849
-9.214759,0.0,0.807849
-9.195031,0.0,0.807849
-9.175439,0.0,0.807849
-9.15571,0.0,0.807849
-9.136118,0.0,0.807849
-9.116389,0.0,0.807849
-9.096797,0.0,0.807849
-9.077069,0.0,0.807849
-9.057476,0.0,0.807849
-9.037748,0.0,0.807849
-9.018156,0.0,0.807849
-8.998427,0.0,0.807849
-8.978699,0.0,0.807849
-8.959106,0.0,0.807849
-8.939378,0.0,0.807849
-8.919786,0.0,0.807849
-8.900057,0.0,0.807849
-8.880465,0.0,0.807849
-8.860736,-0.020306,0.807849
-8.841144,-1.964621,0.791092
-8.821416,-6.464043,0.719681
-8.801823,-3.397089,0.621601
-8.782095,-3.439311,0.587547
-8.762503,-6.494975,0.472798
-8.742774,-1.088953,0.413458
-8.723182,-0.02579,0.401019
-8.703453,0.0,0.401005
-8.683861,0.0,0.401005
-8.664133,0.0,0.401005
-8.64454,0.0,0.401005
-8.624812,0.0,0.401005
-8.60522,0.0,0.401005
-8.585491,0.0,0.401005
-8.565763,0.0,0.401005
-8.54617,0.0,0.401005
-8.526442,0.0,0.401005
-8.50685,0.0,0.401005
-8.487121,0.0,0.401005
-8.467529,0.0,0.401005
-8.4478,0.0,0.401005
-8.428208,0.0,0.401005
-8.40848,0.0,0.401005
-8.388887,0.0,0.401005
-8.369159,0.0,0.401005
-8.349567,0.0,0.401005
-8.329838,0.0,0.401005
-8.310246,0.0,0.401005
-8.290517,0.0,0.401005
-8.270925,0.0,0.401005
-8.251197,0.0,0.401005
-8.231604,0.0,0.401005
-8.211876,0.0,0.401005
-8.192283,0.0,0.401005
-8.172555,0.0,0.401005
-8.152827,0.0,0.401005
-8.133234,0.0,0.401005
-8.113506,0.0,0.401005
-8.093914,0.0,0.401005
-8.074185,0.0,0.401005
-8.054593,0.0,0.401005
-8.034864,0.0,0.401005
-8.015272,0.0,0.401005
-7.995544,0.0,0.401005
-7.975951,0.0,0.401005
-7.956223,0.0,0.401005
-7.93663,0.0,0.401005
-7.916902,0.0,0.401005
-7.89731,0.0,0.401005
-7.877581,0.0,0.401005
-7.857989,0.0,0.401005
-7.838261,0.0,0.401005
-7.818668,0.0,0.401005
-7.79894,0.0,0.401005
-7.779211,0.0,0.401005
-7.759619,0.0,0.401005
-7.739891,0.0,0.401005
-7.720298,0.0,0.401005
-7.70057,0.0,0.401005
-7.680978,0.0,0.401005
-7.661249,0.0,0.401005
-7.641657,0.0,0.401005
-7.621928,0.0,0.401005
-7.602336,0.0,0.401005
-7.582608,0.0,0.401005
-7.563015,0.0,0.401005
-7.543287,0.0,0.401005
-7.523694,0.0,0.401005
-7.503966,0.0,0.401005
-7.484374,0.0,0.401005
-7.464645,0.0,0.401005
-7.445053,0.0,0.401005
-7.425325,0.0,0.401005
-7.405732,0.0,0.401005
-7.386004,0.0,0.401005
-7.366275,0.0,0.401005
-7.346683,0.0,0.401005
-7.326955,0.0,0.401005
-7.307362,0.0,0.401005
-7.287634,0.0,0.401005
-7.268041,0.0,0.401005
-7.248313,0.0,0.401005
-7.228721,0.0,0.401005
-7.208992,0.0,0.401005
-7.1894,0.0,0.401005
-7.169672,0.0,0.401005
-7.150079,0.0,0.401005
-7.130351,0.0,0.401005
-7.110758,0.0,0.401005
-7.09103,0.0,0.401005
-7.071438,0.0,0.401005
-7.051709,0.0,0.401005
-7.032117,0.0,0.401005
-7.012389,0.0,0.401005
-6.99266,0.0,0.401005
-6.973068,0.0,0.401005
-6.953339,0.0,0.401005
-6.933747,0.0,0.401005
-6.914019,0.0,0.401005
-6.894426,0.0,0.401005
-6.874698,0.0,0.401005
-6.855105,0.0,0.401005
-6.835377,0.0,0.401005
-6.815785,0.0,0.401005
-6.796056,0.0,0.401005
-6.776464,0.0,0.401005
-6.756736,0.0,0.401005
-6.737143,0.0,0.401005
-6.717415,0.0,0.401005
-6.697822,0.0,0.401005
-6.678094,0.0,0.401005
-6.658502,0.0,0.401005
-6.638773,0.0,0.401005
-6.619181,0.0,0.401005
-6.599452,0.0,0.401005
-6.579724,0.0,0.401005
-6.560132,0.0,0.401005
-6.540403,0.0,0.401005
-6.520811,0.0,0.401005
-6.501083,0.0,0.401005
-6.48149,0.0,0.401005
-6.461762,0.0,0.401005
-6.442169,0.0,0.401005
-6.422441,0.0,0.401005
-6.402849,0.0,0.401005
-6.38312,0.0,0.401005
-6.363528,0.0,0.401005
-6.343799,0.0,0.401005
-6.324207,0.0,0.401005
-6.304479,0.0,0.401005
-6.284886,0.0,0.401005
-6.265158,0.0,0.401005
-6.245566,0.0,0.401005
-6.225837,0.0,0.401005
-6.206245,0.0,0.401005
-6.186516,0.0,0.401005
-6.166788,0.0,0.401005
-6.147196,0.0,0.401005
-6.127467,0.0,0.401005
-6.107875,0.0,0.401005
-6.088147,0.0,0.401005
-6.068554,0.0,0.401005
-6.048826,0.0,0.401005
-6.029233,0.0,0.401005
-6.009505,0.0,0.401005
-5.989913,0.0,0.401005
-5.970184,0.0,0.401005
-5.950592,0.0,0.401005
-5.930863,0.0,0.401005
-5.911271,0.0,0.401005
-5.891543,0.0,0.401005
-5.87195,0.0,0.401005
-5.852222,0.0,0.401005
-5.83263,0.0,0.401005
-5.812901,0.0,0.401005
-5.793173,0.0,0.401005
-5.77358,0.0,0.401005
-5.753852,0.0,0.401005
-5.73426,0.0,0.401005
-5.714531,0.0,0.401005
-5.694939,0.0,0.401005
-5.67521,0.0,0.401005
-5.655618,0.0,0.401005
-5.63589,0.0,0.401005
-5.616297,0.0,0.401005
-5.596569,0.0,0.401005
-5.576977,0.0,0.401005
-5.557248,0.0,0.401005
-5.537656,0.0,0.401005
-5.517927,0.0,0.401005
-5.498335,0.0,0.401005
-5.478607,0.0,0.401005
-5.459014,0.0,0.401005
-5.439286,0.0,0.401005
-5.419694,0.0,0.401005
-5.399965,0.0,0.401005
-5.380237,0.0,0.401005
-5.360644,0.0,0.401005
-5.340916,0.0,0.401005
-5.321324,0.0,0.401005
-5.301595,0.0,0.401005
-5.282003,0.0,0.401005
-5.262274,0.0,0.401005
-5.242682,0.0,0.401005
-5.222954,0.0,0.401005
-5.203361,0.0,0.401005
-5.183633,0.0,0.401005
-5.164041,0.0,0.401005
-5.144312,0.0,0.401005
-5.12472,0.0,0.401005
-5.104991,0.0,0.401005
-5.085399,0.0,0.401005
-5.065671,0.0,0.401005
-5.046078,0.0,0.401005
-5.02635,0.0,0.401005
-5.006758,0.0,0.401005
-4.987029,0.0,0.401005
-4.967301,0.0,0.401005
-4.947708,0.0,0.401005
-4.92798,0.0,0.401005
-4.908388,0.0,0.401005
-4.888659,0.0,0.401005
-4.869067,0.0,0.401005
-4.849338,0.0,0.401005
-4.829746,0.0,0.401005
-4.810018,0.0,0.401005
-4.790425,0.0,0.401005
-4.770697,0.0,0.401005
-4.751105,0.015913,0.401022
-4.731376,0.734723,0.404939
-4.711784,1.55901,0.437529
-4.692055,2.01241,0.467203
-4.672463,1.45834,0.498779
-4.652735,0.538499,0.517571
-4.633142,0.578736,0.524424
-4.613414,0.956668,0.540212
-4.593685,1.351988,0.569373
-4.574093,1.633709,0.595733
-4.554365,0.502779,0.611435
-4.534772,1.569703,0.634058
-4.515044,0.523066,0.654135
-4.495452,1.214986,0.67079
-4.475723,1.589074,0.702995
-4.456131,1.125456,0.727089
-4.436402,1.389068,0.750285
-4.41681,1.879738,0.783721
-4.397082,1.312405,0.804045
-4.377489,1.496799,0.83449
-4.357761,1.006756,0.857543
-4.338169,1.009104,0.876961
-4.31844,0.855047,0.895817
-4.298848,0.476733,0.910581
-4.279119,1.43442,0.927604
-4.259527,1.188878,0.953152
-4.239799,0.863383,0.969562
-4.220206,0.814686,0.983602
-4.200478,0.824336,1.000782
-4.180749,0.570436,1.013327
-4.161157,0.484822,1.023708
-4.141429,0.365913,1.031748
-4.121836,0.508327,1.041133
-4.102108,0.38771,1.049247
-4.082516,0.609258,1.058916
-4.062787,0.430394,1.070163
-4.043195,0.442783,1.077846
-4.023466,0.410853,1.086929
-4.003874,0.246201,1.093315
-3.984146,0.363148,1.098959
-3.964553,0.491599,1.108629
-3.944825,0.322355,1.114996
-3.925232,0.362701,1.122412
-3.905504,0.2355,1.128582
-3.885912,0.190519,1.132541
-3.866183,0.140746,1.13616
-3.846591,0.240781,1.139407
-3.826863,0.642859,1.147406
-3.807134,0.61093,1.159382
-3.787542,0.757311,1.173522
-3.767813,0.589776,1.184802
-3.748221,0.385835,1.192971
-3.728493,0.409585,1.201176
-3.7089,0.560618,1.210232
-3.689172,0.299007,1.217835
-3.66958,0.29227,1.22479
-3.649851,0.255226,1.229631
-3.630259,0.244572,1.234538
-3.61053,0.259087,1.240008
-3.590938,0.254797,1.244725
-3.57121,0.399133,1.250909
-3.551617,0.437546,1.260443
-3.531889,0.441947,1.269984
-3.512296,0.749866,1.27975
-3.492568,0.435568,1.290175
-3.472976,0.370286,1.298207
-3.453247,0.269355,1.304521
-3.433655,0.30935,1.310196
-3.413927,0.288017,1.315621
-3.394198,0.255173,1.321307
-3.374606,0.289632,1.326613
-3.354877,0.54206,1.33455
-3.335285,0.411452,1.344653
-3.315557,0.291674,1.350462
-3.295964,0.278002,1.356231
-3.276236,0.360692,1.361882
-3.256643,0.367575,1.368326
-3.236915,0.390684,1.375151
-3.217323,0.301236,1.382724
-3.197594,0.455604,1.388212
-3.178002,0.459285,1.396921
-3.158274,0.338359,1.404838
-3.138681,0.186515,1.410297
-3.118953,0.129754,1.41344
-3.09936,0.145982,1.416231
-3.079632,0.125394,1.419162
-3.06004,0.178663,1.421713
-3.040311,0.1506,1.424829
-3.020719,0.118649,1.428221
-3.00099,0.127195,1.430875
-2.981262,0.153516,1.433962
-2.96167,0.131454,1.437474
-2.941941,0.106477,1.438997
-2.922349,0.059127,1.440313
-2.902621,-0.095085,1.440024
-2.883028,0.189248,1.440687
-2.8633,0.103551,1.444154
-2.843707,0.11732,1.446855
-2.823979,-0.003391,1.447861
-2.804387,-0.161969,1.446505
-2.784658,-0.14737,1.444205
-2.765066,-0.173788,1.441246
-2.745338,-0.34011,1.43631
-2.725745,-0.378486,1.428793
-2.706017,-0.473375,1.420742
-2.686424,-0.693502,1.412877
-2.666696,-0.415229,1.400474
-2.647104,-0.285437,1.394072
-2.627375,-0.204675,1.386325
-2.607647,-0.271896,1.380615
-2.588054,-0.448907,1.372053
-2.568326,-0.472789,1.361775
-2.548734,-0.648356,1.346524
-2.529005,-0.667772,1.334261
-2.509413,-0.536477,1.322892
-2.489685,-0.345084,1.311165
-2.470092,-0.762974,1.298765
-2.450364,-0.777658,1.283848
-2.430771,-0.805117,1.268364
-2.411043,-1.087508,1.251688
-2.391451,-0.981893,1.234433
-2.371722,-0.992005,1.21381
-2.35213,-0.794464,1.195109
-2.332401,-0.688196,1.180456
-2.312809,-0.935053,1.162687
-2.293081,-0.80016,1.143897
-2.273488,-1.721564,1.120365
-2.25376,-0.580293,1.099136
-2.234168,-0.908019,1.08045
-2.214439,-1.083099,1.062603
-2.194711,-0.956945,1.047104
-2.175118,-1.134271,1.026505
-2.15539,-1.120457,1.006773
-2.135798,-0.993355,0.985292
-2.116069,-1.325977,0.963482
-2.096477,-0.912261,0.942256
-2.076748,-0.71526,0.925301
-2.057156,-0.787918,0.909629
-2.037428,-1.038855,0.893209
-2.017835,-0.618695,0.87054
-1.998107,-1.436425,0.855984
-1.978515,-0.514019,0.836595
-1.958786,-0.821584,0.823496
-1.939194,-0.712363,0.81147
-1.919465,-0.6148,0.795237
-1.899873,-0.548242,0.784702
-1.880145,-0.520242,0.774018
-1.860552,-0.530054,0.762908
-1.840824,-0.572369,0.752271
-1.821096,-0.377393,0.741056
-1.801503,-0.693614,0.733054
-1.781775,-0.41976,0.723727
-1.762182,-0.549409,0.714141
-1.742454,-0.241293,0.706964
-1.722862,-0.272426,0.701701
-1.703133,-0.293671,0.696709
-1.683541,-0.33246,0.690841
-1.663812,-0.429723,0.683709
-1.64422,-0.543627,0.67442
-1.624492,-0.330123,0.66585
-1.604899,-0.486633,0.656675
-1.585171,-0.111695,0.652125
-1.565579,-0.149905,0.65012
-1.54585,-0.145037,0.646279
-1.526258,-0.079063,0.644217
-1.506529,-0.059401,0.642864
-1.486937,-0.040995,0.641879
-1.467209,-0.032244,0.641159
-1.447616,-0.024253,0.640605
-1.427888,-0.015436,0.640198
-1.408159,-0.010531,0.639947
-1.388567,-0.002702,0.639777
-1.368839,-2.5e-05,0.639756
-1.349246,0.0,0.639756
-1.329518,0.0,0.639756
-1.309926,0.0,0.639756
-1.290197,0.0,0.639756
-1.270605,0.0,0.639756
-1.250876,0.0,0.639756
-1.231284,0.0,0.639756
-1.211556,0.0,0.639756
-1.191963,0.0,0.639756
-1.172235,0.0,0.639756
-1.152643,0.0,0.639756
-1.132914,0.0,0.639756
-1.113322,0.0,0.639756
-1.093593,0.0,0.639756
-1.074001,0.0,0.639756
-1.054273,0.0,0.639756
-1.03468,0.0,0.639756
-1.014952,0.0,0.639756
-0.995223,0.0,0.639756
-0.975631,0.0,0.639756
-0.955903,0.0,0.639756
-0.93631,0.0,0.639756
-0.916582,0.0,0.639756
-0.89699,0.0,0.639756
-0.877261,0.0,0.639756
-0.857669,0.0,0.639756
-0.83794,0.0,0.639756
-0.818348,0.0,0.639756
-0.79862,0.0,0.639756
-0.779027,-2.5e-05,0.639756
-0.759299,-0.003413,0.639745
-0.739707,-0.035416,0.639525
-0.719978,-0.279403,0.636574
-0.700386,-0.557861,0.629481
-0.680657,-1.215359,0.613847
-0.661065,-1.21198,0.59125
-0.641337,-1.788697,0.569071
-0.621608,-0.707798,0.5367
-0.602016,-0.455201,0.526987
-0.582287,-0.391475,0.518007
-0.562695,-0.331221,0.511473
-0.542967,-0.065693,0.506507
-0.523374,-0.499588,0.501654
-0.503646,-0.403259,0.493446
-0.484054,-0.191241,0.488003
-0.464325,-0.330937,0.482144
-0.444733,-0.359098,0.476065
-0.425004,-0.602555,0.466125
-0.405412,-0.721866,0.451167
-0.385684,-0.700438,0.438859
-0.366091,-0.567108,0.426107
-0.346363,-0.29337,0.418832
-0.32677,-0.370971,0.412271
-0.307056,-0.442272,0.403736
-0.287395,-0.174188,0.397985
-0.267721,-0.316007,0.392488
-0.248061,-0.263696,0.387299
-0.228401,-0.407761,0.381443
-0.20874,-0.258422,0.374973
-0.189066,-0.209274,0.370196
-0.169406,-0.153967,0.366271
-0.149745,-0.122126,0.363223
-0.130085,-0.09323,0.361224
-0.110411,-0.108006,0.359357
-0.090751,-0.071133,0.357607
-0.07109,-0.096336,0.355662
-0.05143,-0.11076,0.353494
-0.031756,-0.13711,0.350768
-0.012096,-0.228058,0.347896
0.007565,-0.263293,0.343622
0.027225,-0.159343,0.339494
0.046899,-0.099137,0.337077
0.06656,-0.140213,0.33475
0.08622,-0.073164,0.332371
0.10588,-0.105895,0.330623
0.125554,-0.044584,0.328902
0.145215,-0.071869,0.327869
0.164875,-0.079393,0.326383
0.184535,-0.125338,0.32405
0.204209,-0.128079,0.321687
0.22387,-0.117971,0.318778
0.24353,-0.148676,0.315894
0.263191,-0.146718,0.31283
0.282865,-0.13413,0.309362
0.302525,-0.140956,0.306682
0.322185,-0.201746,0.303155
0.341846,-0.182677,0.298805
0.36152,-0.09868,0.295959
0.38118,-0.130272,0.293669
0.40084,-0.195349,0.290654
0.420501,-0.176654,0.286494
0.440175,-0.184545,0.28317
0.459835,-0.224991,0.2782
0.479496,-0.410445,0.272676
0.499156,-0.217841,0.265976
0.518816,-0.262803,0.26099
0.53849,-0.240195,0.256137
0.558151,-0.331621,0.250627
0.577811,-0.371857,0.244045
0.597471,-0.239966,0.238774
0.617145,-0.282292,0.233951
0.636806,-0.372871,0.228048
0.656466,-0.315354,0.221731
0.676127,-0.388628,0.21472
0.695801,-0.44462,0.206431
0.715461,-0.262558,0.201217
0.735121,-0.258891,0.197413
0.754782,-0.398012,0.189629
0.774456,-0.340989,0.179681
0.794116,-0.501555,0.172876
0.813777,-0.493728,0.162894
0.833437,-0.52432,0.157192
0.853111,-0.334748,0.148455
0.872771,-0.43145,0.140497
0.892432,-0.41401,0.130215
0.912092,-0.485523,0.122254
0.931762,-0.440306,0.112535
0.951425,-0.408979,0.10359
0.971089,-0.294145,0.096718
0.990753,-0.444753,0.089587
1.010417,-0.361181,0.082154
1.03008,-0.365359,0.072186
1.049744,-0.545028,0.064273
1.069408,-0.357094,0.055462
1.089072,-0.271989,0.048667
1.108735,-0.427463,0.041946
1.1284,-0.572743,0.031895
1.148063,-0.558684,0.021227
1.167727,-0.54395,0.009788
1.187392,-0.650145,-0.001506
1.207052,-0.680351,-0.013041
1.226713,-0.784457,-0.026008
1.246387,-0.487187,-0.0358
1.266047,-0.482705,-0.046453
1.285707,-0.30795,-0.054505
1.305368,-0.631074,-0.063228
1.325042,-0.575718,-0.073252
1.344702,-0.513468,-0.083701
1.364362,-0.672075,-0.096839
1.384023,-0.496293,-0.10703
1.403697,-0.33307,-0.116069
1.423357,-0.283349,-0.123134
1.443018,-0.319933,-0.128709
1.462678,-0.466329,-0.136333
1.482352,-0.251205,-0.143011
1.502012,-0.361512,-0.149137
1.521673,-0.405178,-0.155528
1.541333,-0.285961,-0.161555
1.561007,-0.198003,-0.166281
1.580667,-0.217959,-0.170349
1.600328,-0.11968,-0.173807
1.619988,-0.198054,-0.177125
1.639662,-0.263207,-0.181539
1.659323,-0.194416,-0.186212
1.678983,-0.177727,-0.190234
1.698643,-0.234339,-0.193931
1.718317,-0.130889,-0.197337
1.737978,-0.199161,-0.200984
1.757638,-0.197224,-0.204639
1.777298,-0.259808,-0.209992
1.796972,-0.251381,-0.216133
1.816633,-0.290108,-0.221657
1.836293,-0.372137,-0.228468
1.855954,-0.298655,-0.235121
1.875628,-0.253392,-0.240599
1.895288,-0.271819,-0.246089
1.914948,-0.245234,-0.250998
1.934609,-0.151458,-0.255197
1.954283,-0.080094,-0.257503
1.973943,-0.046401,-0.2586
1.993603,-0.070437,-0.259882
2.013264,-0.146369,-0.262233
2.032938,-0.110708,-0.264933
2.052598,-0.150716,-0.267495
2.072259,-0.173675,-0.270351
2.091919,-0.182666,-0.273837
2.111593,-0.206298,-0.277432
2.131253,-0.239692,-0.281394
2.150914,-0.219587,-0.285344
2.170574,-0.240746,-0.290315
2.190248,-0.195018,-0.294304
2.209908,-0.181473,-0.297724
2.229569,-0.292475,-0.302169
2.249229,-0.16694,-0.306648
2.268903,-0.212604,-0.310267
2.288564,-0.206019,-0.314541
2.308224,-0.190843,-0.318487
2.327884,-0.208665,-0.322181
2.347545,-0.228282,-0.325853
2.367219,-0.194786,-0.330248
2.386879,-0.224359,-0.333932
2.406539,-0.154452,-0.337146
2.426227,-0.21042,-0.340785
2.445819,-0.178672,-0.344575
2.465548,-0.238817,-0.349479
2.48514,-0.316098,-0.355009
2.504869,-0.354816,-0.360453
2.524461,-0.195055,-0.365363
2.544189,-0.318811,-0.369999
2.563918,-0.229085,-0.375093
2.58351,-0.336565,-0.379894
2.603239,-0.219056,-0.384799
2.622831,-0.293121,-0.390539
2.642559,-0.205483,-0.395482
2.662152,-0.20425,-0.399511
2.68188,-0.199203,-0.403514
2.701472,-0.280683,-0.409212
2.721201,-0.4187,-0.415588
2.740793,-0.274583,-0.42126
2.760522,-0.208461,-0.426661
2.780114,-0.211366,-0.430967
2.799842,-0.144694,-0.434302
2.819435,-0.128752,-0.437343
2.839163,-0.136624,-0.43988
2.858755,-0.118364,-0.442081
2.878484,-0.149413,-0.445137
2.898076,-0.2003,-0.448236
2.917805,-0.110843,-0.451637
2.937397,-0.205653,-0.454496
2.957125,-0.07876,-0.45721
2.976854,-0.117985,-0.459491
2.996446,-0.139714,-0.462154
3.016175,-0.193881,-0.46523
3.035767,-0.152968,-0.468131
3.055495,-0.166953,-0.471499
3.075088,-0.168841,-0.474679
3.094816,-0.140636,-0.477505
3.114408,-0.132757,-0.48045
3.134137,-0.119298,-0.482803
3.153729,-0.180354,-0.48599
3.173458,-0.132972,-0.488797
3.19305,-0.075583,-0.49062
3.212778,-0.102901,-0.492335
3.232371,-0.088771,-0.493929
3.252099,-0.113775,-0.495461
3.271691,-0.150499,-0.497875
3.29142,-0.099937,-0.500511
3.311012,-0.078918,-0.502073
3.330741,-0.092529,-0.503717
3.350469,-0.10665,-0.505765
3.370061,-0.080666,-0.508019
3.38979,-0.10014,-0.509541
3.409382,-0.192486,-0.512661
3.429111,-0.18494,-0.516029
3.448703,-0.170153,-0.519407
3.468431,-0.186544,-0.522902
3.488024,-0.172852,-0.526024
3.507752,-0.202954,-0.531002
3.527344,-0.190368,-0.535594
3.547073,-0.275826,-0.539716
3.566665,-0.200138,-0.544367
3.586394,-0.164932,-0.549288
3.605986,-0.145034,-0.552624
3.625714,-0.158885,-0.55607
3.645307,-0.137897,-0.560015
3.665035,-0.233329,-0.563801
3.684628,-0.285163,-0.568669
3.704356,-0.276719,-0.573995
3.723948,-0.284356,-0.579344
3.743677,-0.170904,-0.584304
3.763405,-0.220223,-0.587941
3.782997,-0.255793,-0.593341
3.802726,-0.205887,-0.598455
3.822318,-0.253891,-0.602731
3.842047,-0.198456,-0.607538
3.861639,-0.196919,-0.610568
3.881367,-0.179462,-0.613992
3.90096,-0.177368,-0.617996
3.920688,-0.255213,-0.622839
3.94028,-0.271335,-0.627582
3.960009,-0.21408,-0.632426
3.979601,-0.158464,-0.63633
3.99933,-0.174662,-0.639901
4.018922,-0.158893,-0.642886
4.03865,-0.152912,-0.646283
4.058243,-0.151255,-0.649068
4.077971,-0.213378,-0.652219
4.097564,-0.134441,-0.655832
4.117292,-0.167449,-0.65897
4.13702,-0.168592,-0.6633
4.156613,-0.336088,-0.668039
4.176341,-0.319481,-0.672345
4.195933,-0.16902,-0.677064
4.215662,-0.194648,-0.680164
4.235254,-0.167182,-0.683967
4.254983,-0.132853,-0.686582
4.274575,-0.098902,-0.689764
4.294303,-0.236099,-0.691967
4.313896,-0.176408,-0.696238
4.333624,-0.13136,-0.699171
4.353217,-0.168848,-0.701473
4.372945,-0.196637,-0.705665
4.392537,-0.205152,-0.709388
4.412266,-0.157525,-0.712616
4.431858,-0.139306,-0.715284
4.451586,-0.110306,-0.717726
4.471179,-0.177145,-0.720293
4.490907,-0.138059,-0.723587
4.5105,-0.198513,-0.726806
4.530228,-0.157614,-0.730321
4.549956,-0.120186,-0.732718
4.569549,-0.119871,-0.735053
4.589277,-0.158813,-0.737871
4.60887,-0.147967,-0.740809
4.628598,-0.136304,-0.743914
4.64819,-0.102057,-0.746328
4.667919,-0.152072,-0.748651
4.687511,-0.199847,-0.752348
4.707239,-0.132467,-0.755148
4.726832,-0.188647,-0.759146
4.74656,-0.223826,-0.763203
4.766153,-0.181645,-0.766757
4.785881,-0.285222,-0.772738
4.805473,-0.252526,-0.778824
4.825202,-0.19135,-0.782569
4.844794,-0.190015,-0.786344
4.864522,-0.231318,-0.790141
4.884115,-0.239983,-0.796026
4.903843,-0.271564,-0.801833
4.923436,-0.288024,-0.807043
4.943164,-0.232632,-0.81252
4.962892,-0.302908,-0.817713
4.982485,-0.297763,-0.823521
5.002213,-0.246116,-0.828493
5.021806,-0.361386,-0.834017
5.041534,-0.199784,-0.839115
5.061126,-0.251673,-0.844284
5.080855,-0.431231,-0.848957
5.100447,-0.327855,-0.856385
5.120175,-0.357497,-0.863154
5.139768,-0.302635,-0.869451
5.159496,-0.369301,-0.875469
5.179089,-0.355451,-0.882384
5.198817,-0.291753,-0.889463
5.218409,-0.310911,-0.895223
5.238138,-0.188036,-0.900096
5.25773,-0.230776,-0.905247
5.277459,-0.257045,-0.909863
5.297051,-0.214396,-0.914656
5.316779,-0.253887,-0.919894
5.336508,-0.460939,-0.926009
5.3561,-0.299954,-0.933164
5.375828,-0.508107,-0.940944
5.395421,-0.400765,-0.949469
5.415149,-0.267379,-0.955914
5.434742,-0.342913,-0.961029
5.45447,-0.225822,-0.966359
5.474062,-0.185741,-0.970247
5.493791,-0.239753,-0.974563
5.513383,-0.224953,-0.979519
5.533112,-0.222338,-0.983942
5.552704,-0.240791,-0.988606
5.572432,-0.246259,-0.993402
5.592025,-0.238384,-0.997967
5.611753,-0.225006,-1.002752
5.631345,-0.252779,-1.007467
5.651074,-0.165558,-1.011598
5.670666,-0.175224,-1.01482
5.690395,-0.238706,-1.019253
5.709987,-0.152941,-1.023269
5.729715,-0.23323,-1.027228
5.749444,-0.197388,-1.031718
5.769036,-0.176711,-1.036405
5.788764,-0.22818,-1.038873
5.808357,-0.083957,-1.041614
5.828085,-0.056361,-1.04293
5.847678,-0.02652,-1.043705
5.867406,-0.018798,-1.04403
5.886998,-0.006415,-1.044231
5.906727,0.008728,-1.04419
5.926319,-0.005918,-1.044067
5.946048,-0.018361,-1.044135
5.96564,-0.037758,-1.044584
5.985368,-0.039337,-1.045449
6.004961,-0.027234,-1.046068
6.024689,-0.01272,-1.046577
6.044281,0.024528,-1.046414
6.06401,0.038964,-1.045737
6.083602,0.057609,-1.045062
6.103331,0.043786,-1.043959
6.122923,0.04529,-1.043199
6.142651,0.029371,-1.042352
6.16238,0.01518,-1.041941
6.181972,0.009613,-1.041729
6.201701,0.018895,-1.041523
6.221293,0.018238,-1.041102
6.241021,-0.034593,-1.04111
6.260614,-0.03041,-1.041798
6.280342,-0.039277,-1.042456
6.299934,-0.064852,-1.043315
6.319663,-0.039332,-1.04447
6.339255,-0.03506,-1.045198
6.358984,-0.050538,-1.046207
6.378576,-0.046638,-1.047067
6.398304,-0.026044,-1.047795
6.417897,0.017769,-1.048023
6.437625,0.000491,-1.047742
6.457217,-0.003393,-1.047856
6.476946,-0.009128,-1.047955
6.496538,-0.028442,-1.048425
6.516267,-0.025082,-1.049027
6.535995,-0.015151,-1.049328
6.555587,-0.000162,-1.049567
6.575316,0.020404,-1.049143
6.594908,0.030477,-1.048796
6.614637,0.045334,-1.047623
6.634229,0.008737,-1.047257
6.653957,0.037668,-1.046633
6.67355,0.026435,-1.046167
6.693278,0.046613,-1.045494
6.71287,0.023951,-1.044799
6.732599,0.008878,-1.044513
6.752191,0.002564,-1.044445
6.77192,0.0231,-1.044406
6.791512,0.029343,-1.043783
6.81124,0.066253,-1.042632
6.830833,0.053327,-1.041321
6.850561,0.075915,-1.040086
6.870153,0.060892,-1.038732
6.889882,0.100738,-1.037158
6.909474,0.110567,-1.035099
6.929203,0.154237,-1.03242
6.948931,0.073817,-1.029978
6.968523,0.070687,-1.028508
6.988252,0.118234,-1.026465
7.007844,0.16601,-1.023572
7.027573,0.083165,-1.021139
7.047165,0.075192,-1.019687
7.066893,0.099642,-1.018089
7.086486,0.131392,-1.015753
7.106214,0.145952,-1.012962
7.125806,0.131608,-1.010281
7.145535,0.128891,-1.007663
7.165127,0.143264,-1.004955
7.184856,0.154162,-1.002035
7.204448,0.133301,-0.999299
7.224176,0.120899,-0.996802
7.243769,0.143589,-0.994339
7.263497,0.101294,-0.991908
7.283089,0.077308,-0.990147
7.302818,0.090591,-0.988455
7.322546,0.108281,-0.986538
7.342139,0.099063,-0.984521
7.361867,0.098928,-0.982573
7.381459,0.112019,-0.980524
7.401188,0.117883,-0.978259
7.42078,0.136262,-0.975803
7.440509,0.171567,-0.972738
7.460101,0.186913,-0.96915
7.479829,0.161027,-0.965687
7.499422,0.152316,-0.962693
7.51915,0.161129,-0.959431
7.538742,0.160514,-0.9565
7.558471,0.176674,-0.952816
7.578063,0.138709,-0.949722
7.597792,0.19411,-0.946358
7.617384,0.223168,-0.942297
7.637112,0.200471,-0.937873
7.656705,0.166662,-0.93374
7.676433,0.162395,-0.930629
7.696026,0.169746,-0.927276
7.715754,0.224746,-0.923365
7.735482,0.24289,-0.918626
7.755075,0.206441,-0.914297
7.774803,0.180753,-0.910577
7.794395,0.183917,-0.906981
7.814124,0.113726,-0.903186
7.833716,0.094866,-0.90163
7.853445,0.155414,-0.899217
7.873037,0.108254,-0.896313
7.892765,0.066084,-0.894613
7.912358,0.055886,-0.893469
7.932086,0.06709,-0.892291
7.951679,0.078389,-0.89083
7.971407,0.108246,-0.888976
7.990999,0.087325,-0.88703
8.010728,0.085727,-0.885373
8.03032,0.070057,-0.883615
8.050048,0.117882,-0.882005
8.069641,0.160216,-0.87892
8.089369,0.123822,-0.876526
8.108962,0.128437,-0.874066
8.12869,0.128979,-0.871473
8.148418,0.114671,-0.869032
8.168011,0.093996,-0.866929
8.187739,0.072513,-0.865317
8.207331,0.072649,-0.863884
8.22706,0.041073,-0.8628
8.246652,0.030652,-0.862161
8.266381,0.050591,-0.861328
8.285973,0.055452,-0.86034
8.305701,0.047811,-0.8593
8.325294,0.053759,-0.858333
8.345022,0.063002,-0.857193
8.364615,0.049201,-0.856007
8.384343,0.062871,-0.854905
8.403935,0.086368,-0.853461
8.423664,0.08599,-0.851671
8.443256,0.064376,-0.850127
8.462984,0.040396,-0.849102
8.482577,0.045241,-0.848261
8.502305,0.049457,-0.847333
8.522034,0.068537,-0.846179
8.541626,0.063452,-0.844776
8.561354,0.009062,-0.844413
8.580947,0.025494,-0.844071
8.600675,0.034532,-0.84343
8.620268,0.033941,-0.842777
8.639996,0.032007,-0.842132
8.659588,0.027932,-0.841537
8.679317,0.026281,-0.840988
8.698909,0.017388,-0.840553
8.718637,0.01922,-0.84022
8.73823,0.023997,-0.839818
8.757958,0.022131,-0.839285
8.777551,0.00184,-0.83906
8.797279,-0.023915,-0.839312
8.816871,-0.03979,-0.83989
8.8366,-0.058247,-0.840804
8.856192,-0.05006,-0.842129
8.875921,-0.052329,-0.843146
8.895513,-0.037232,-0.844113
8.915241,-0.014072,-0.844652
8.93497,0.001357,-0.84472
8.954562,-0.007221,-0.844763
8.97429,0.018275,-0.844735
8.993883,0.02223,-0.844385
9.013611,0.014782,-0.843923
9.033204,-0.002035,-0.843771
9.052932,-0.011888,-0.843891
9.072524,-0.039626,-0.844349
9.092253,0.016644,-0.844541
9.111845,0.026776,-0.844062
9.131573,0.041152,-0.843371
9.151166,0.067095,-0.842362
9.170894,0.070545,-0.841146
9.190487,0.083748,-0.839584
9.210215,0.0676,-0.838027
9.229807,0.076675,-0.836583
9.249536,0.068202,-0.83513
9.269128,0.063533,-0.833985
9.288857,0.036055,-0.832982
9.308585,0.009014,-0.832666
9.328177,0.029742,-0.832284
9.347906,0.040792,-0.831692
9.367498,0.08933,-0.830306
9.387226,0.079779,-0.828749
9.406819,0.176317,-0.825993
9.426547,0.13389,-0.822912
9.44614,0.189828,-0.819738
9.465868,0.104556,-0.817193
9.48546,0.107136,-0.815254
9.505189,0.158062,-0.812867
9.524781,0.110764,-0.809954
9.54451,0.076284,-0.808175
9.564102,0.074063,-0.806711
9.58383,0.079663,-0.805274
9.603423,0.078629,-0.803593
9.623151,0.054798,-0.802265
9.642743,0.058902,-0.801185
9.662472,0.072322,-0.799921
9.682064,0.082642,-0.798227
9.701793,0.079675,-0.796407
9.721521,0.054027,-0.795129
9.741113,0.037032,-0.794247
9.760842,0.031075,-0.793574
9.780434,0.025715,-0.79301
9.800162,0.025718,-0.792541
9.819755,0.018947,-0.792081
9.839483,0.009767,-0.791796
9.859076,0.018444,-0.791428
9.878804,0.021574,-0.791059
9.898396,0.029968,-0.790524
9.918125,0.036372,-0.789873
9.937717,0.035003,-0.789248
9.957446,0.035102,-0.788511
9.977038,0.027368,-0.787838
9.996766,0.014889,-0.787454
10.016359,0.01241,-0.787164
10.036087,0.013338,-0.786918
10.055679,0.015817,-0.786636
10.075408,0.023374,-0.786274
10.095,0.019932,-0.785861
10.114729,0.01682,-0.785484
10.134457,0.015765,-0.785164
10.154049,0.012506,-0.784881
10.173778,0.013068,-0.784647
10.19337,0.008633,-0.784442
10.213099,0.004441,-0.784309
10.232691,0.001789,-0.784264
10.252419,0.002216,-0.784248
10.272012,0.002362,-0.784196
10.29174,0.00444,-0.784118
10.311332,3.8e-05,-0.784083
10.331061,-0.000465,-0.784077
10.350653,0.006049,-0.784056
10.370382,0.017076,-0.783826
10.389974,0.016583,-0.783553
10.409702,0.016687,-0.78316
10.429295,0.006797,-0.782932
10.449023,0.00564,-0.782804
10.468615,0.002039,-0.782727
10.488344,-0.000725,-0.782714
10.508072,-0.003598,-0.782745
10.527665,-0.003148,-0.782808
10.547393,-0.003244,-0.782862
10.566985,-0.003542,-0.782933
10.586714,-0.005566,-0.783022
10.606306,-0.00669,-0.783139
10.626035,-0.008694,-0.783288
10.645627,-0.004296,-0.783415
10.665355,-0.002054,-0.783479
10.684948,-0.001856,-0.783517
10.704676,-0.000946,-0.783517
10.724268,-0.004082,-0.783561
10.743997,-0.006785,-0.783676
10.763589,-0.004201,-0.783757
10.783318,-0.003566,-0.783833
10.80291,-0.002399,-0.783888
10.822638,-0.011282,-0.784064
10.842231,-0.010271,-0.784282
10.861959,-0.009146,-0.784476
10.881551,-0.008801,-0.784632
10.90128,-0.008599,-0.784823
10.921008,-0.012591,-0.785031
10.940601,-0.011502,-0.785291
10.960329,-0.015176,-0.785568
10.979921,-0.014125,-0.785853
10.99965,-0.020048,-0.786191
11.019242,-0.021615,-0.786609
11.038971,-0.020497,-0.787015
11.058563,-0.018617,-0.787405
11.078291,-0.024902,-0.787842
11.097884,-0.022679,-0.788313
11.117612,-0.012839,-0.78866
11.137204,-0.011561,-0.788871
11.156933,-0.014396,-0.789134
11.176525,-0.010149,-0.789399
11.196254,-0.010452,-0.789592
11.215846,-0.007992,-0.789766
11.235574,-0.007533,-0.789909
11.255167,-0.007927,-0.790059
11.274895,-0.008988,-0.790242
11.294624,-0.007435,-0.790396
11.314216,-0.004662,-0.790516
11.333944,-0.001472,-0.790588
11.353537,0.001403,-0.790575
11.373265,0.002502,-0.790541
11.392857,0.006441,-0.790455
11.412586,0.007667,-0.790317
11.432178,0.007899,-0.790156
11.451907,0.008548,-0.790036
11.471499,0.004893,-0.789962
11.491227,0.009734,-0.789827
11.51082,0.009847,-0.789586
11.530548,0.007964,-0.78942
11.55014,0.00894,-0.789252
11.569869,0.012099,-0.789056
11.589461,0.013408,-0.788805
11.60919,0.017702,-0.788493
11.628782,0.01875,-0.788128
11.64851,0.012644,-0.787799
11.668103,0.008502,-0.787611
11.687831,0.012251,-0.787405
11.70756,0.021914,-0.787141
11.727152,0.031197,-0.786585
11.74688,0.017419,-0.786131
11.766473,0.011514,-0.785863
11.786201,0.01792,-0.78554
11.805793,0.02443,-0.785112
11.825522,0.017095,-0.78468
11.845114,0.013835,-0.784398
11.864843,0.024283,-0.784004
11.884435,0.025516,-0.783505
11.904163,0.027545,-0.78299
11.923756,0.033337,-0.782398
11.943484,0.032042,-0.781715
11.963077,0.028261,-0.781196
11.982805,0.018599,-0.780697
12.002397,0.010927,-0.780409
12.022126,0.012653,-0.780214
12.041718,0.010455,-0.779972
12.061446,0.007432,-0.779812
12.081039,0.006099,-0.779673
12.100767,0.005898,-0.779564
12.120496,0.00662,-0.779426
12.140088,0.004919,-0.779318
12.159816,0.001874,-0.779249
12.179409,0.00149,-0.779216
12.199137,0.001369,-0.779183
12.21873,0.001459,-0.779156
12.238458,0.001062,-0.779135
12.25805,0.000794,-0.779111
12.277779,0.000507,-0.779092
12.297371,0.000223,-0.779086
12.317099,0.000173,-0.779085
12.336692,0.001466,-0.779078
12.35642,0.001602,-0.779035
12.376013,0.000145,-0.779018
12.395741,-0.001264,-0.779022
12.415333,-0.002565,-0.779059
12.435062,-0.001981,-0.779118
12.454654,-0.00159,-0.779147
12.474382,-0.002157,-0.779184
12.494111,-0.00126,-0.779224
12.513703,0.008642,-0.779181
12.533432,0.008027,-0.779001
12.553024,0.005782,-0.778873
12.572752,0.003186,-0.778773
12.592345,0.001593,-0.778735
12.612073,0.000289,-0.77872
12.631666,-0.001283,-0.778723
12.651394,-0.000486,-0.778754
12.670986,-0.001403,-0.778773
12.690715,-0.003535,-0.778808
12.710307,-0.004459,-0.778897
12.730035,-0.007314,-0.77903
12.749628,-0.009056,-0.779182
12.769356,-0.010457,-0.779376
12.788949,-0.010012,-0.779567
12.808677,-0.006286,-0.779735
12.828269,-0.003644,-0.779837
12.847998,-0.00221,-0.779885
12.86759,0.001902,-0.7799
12.887319,0.004987,-0.77984
12.907047,0.005378,-0.779727
12.926639,0.00023,-0.779674
12.946368,-0.00182,-0.779703
12.96596,0.000262,-0.779709
12.985688,-0.000817,-0.779707
13.005281,-0.006374,-0.779769
13.025009,-0.010838,-0.779954
13.044602,-0.010991,-0.78016
13.06433,-0.01533,-0.780416
13.083922,-0.017288,-0.780773
13.103651,-0.014158,-0.781111
13.123243,-0.015936,-0.781399
13.142972,-0.014216,-0.781704
13.162564,-0.013144,-0.781981
13.182292,-0.01285,-0.782227
13.201885,-0.012977,-0.782498
13.221613,-0.013657,-0.782776
13.241205,-0.009802,-0.783008
13.260934,-0.00566,-0.783148
13.280662,-0.002683,-0.783245
13.300255,0.00121,-0.783264
13.319983,0.008096,-0.783177
13.339575,0.004536,-0.783057
13.359304,-0.008995,-0.783043
13.378896,0.002785,-0.783081
13.398624,0.007364,-0.782965
13.418217,0.007082,-0.782807
13.437945,0.007558,-0.782665
13.457538,0.008171,-0.782511
13.477266,0.008806,-0.782343
13.496858,0.009634,-0.782171
13.516587,0.012902,-0.781958
13.536179,0.011254,-0.781744
13.555908,0.013073,-0.781503
13.5755,0.01588,-0.781215
13.595228,0.019276,-0.780874
13.614821,0.020617,-0.780467
13.634549,0.021122,-0.780054
13.654141,0.019879,-0.779643
13.67387,0.031738,-0.77919
13.693598,0.064115,-0.77832
13.713191,0.157854,-0.776167
13.732919,0.05212,-0.774297
13.752511,0.022135,-0.773689
13.77224,0.034689,-0.773118
13.791832,0.027606,-0.772552
13.811561,0.033307,-0.771923
13.831153,0.023487,-0.7714
13.850881,0.021979,-0.77096
13.870474,0.015712,-0.770577
13.890202,0.011876,-0.770307
13.909794,0.009017,-0.770106
13.929523,0.006523,-0.769957
13.949115,0.006363,-0.769846
13.968844,0.002162,-0.76978
13.988436,-9.6e-05,-0.769755
14.008164,-0.000777,-0.769761
14.027757,-0.000907,-0.769786
14.047485,-0.001009,-0.769801
14.067077,-0.001084,-0.769819
14.086806,-0.001137,-0.769841
14.106534,-0.001148,-0.769865
14.126127,-0.00116,-0.769893
14.145855,-0.001155,-0.769908
14.165447,-0.001128,-0.769937
14.185176,-0.001086,-0.769954
14.204768,-0.001039,-0.769969
14.224497,-0.000972,-0.770003
14.244089,-0.000921,-0.77002
14.263817,-0.000842,-0.770038
14.28341,-0.000734,-0.770043
14.303138,-0.000605,-0.77006
14.32273,-0.00044,-0.770075
14.342459,-0.000268,-0.770076
14.362051,6.4e-05,-0.770074
14.38178,0.0,-0.770085
14.401372,-3.2e-05,-0.770086
14.4211,-0.00014,-0.770087
14.440693,-1.3e-05,-0.770087
14.460421,0.0004,-0.770084
14.48015,0.000696,-0.770065
14.499742,0.000797,-0.770056
14.51947,0.000872,-0.770036
14.539063,0.000936,-0.770013
14.558791,0.000975,-0.770005
14.578383,0.000952,-0.769983
14.598112,0.00093,-0.769964
14.617704,0.000899,-0.769945
14.637433,0.000881,-0.769926
14.656753,0.000863,-0.769908
14.677162,0.000822,-0.769893
14.69621,0.000761,-0.769876
14.716618,0.000688,-0.769864
14.735666,0.000408,-0.769854
14.754715,0.000273,-0.769848
14.775123,0.000164,-0.769842
14.794171,-0.000241,-0.769841
14.81458,-0.000371,-0.769842
14.833628,-0.000638,-0.769857
14.854037,-0.001326,-0.769873
14.873085,-0.001804,-0.7699
14.893494,-0.001956,-0.769949
14.912542,-0.001172,-0.769976
14.932951,-0.002237,-0.770003
14.951999,-0.003362,-0.770071
14.971047,-0.004148,-0.770138
14.991455,-0.006864,-0.770239
15.010504,-0.010248,-0.7704
15.030912,-0.015996,-0.770674
15.04996,-0.016387,-0.771021
15.070369,-0.010127,-0.771281
15.089417,-0.006449,-0.771432
15.109826,-0.008891,-0.771585
15.128874,-0.002191,-0.771677
15.149283,-0.003179,-0.771726
15.168331,-0.008863,-0.771851
15.187379,-0.010556,-0.772057
15.207788,-0.010245,-0.772255
15.226836,-0.009839,-0.772456
15.247245,-0.009288,-0.772644
15.266293,-0.010471,-0.772847
15.286701,-0.013099,-0.773076
15.305749,-0.015172,-0.773353
15.326158,-0.008109,-0.773602
15.345206,-0.006588,-0.773715
15.365615,-0.00828,-0.77385
15.384663,-0.010562,-0.77403
15.403711,-0.011608,-0.774255
15.42412,-0.013103,-0.774514
15.443168,-0.014158,-0.774789
15.463577,-0.014366,-0.77506
15.482625,-0.016071,-0.775371
15.503034,-0.015238,-0.775683
15.522082,-0.015631,-0.775986
15.54249,-0.015571,-0.77629
15.561539,-0.015566,-0.776596
15.580587,-0.015461,-0.776903
15.600995,-0.014997,-0.777209
15.620043,-0.019444,-0.777541
15.640452,-0.015896,-0.777881
15.6595,-0.011245,-0.778165
15.679909,-0.00855,-0.778348
15.698957,-0.007541,-0.778506
15.719366,-0.006595,-0.778646
15.738414,-0.006238,-0.778774
15.758823,-0.006189,-0.778898
15.777871,-0.006267,-0.779009
15.796919,-0.006213,-0.779135
15.817328,-0.00662,-0.77926
15.836376,-0.006603,-0.779392
15.856784,-0.005804,-0.779515
15.875832,-0.005268,-0.779627
15.896241,-0.005,-0.779731
15.915289,-0.005133,-0.77982
15.935698,-0.005187,-0.779926
15.954746,-0.005264,-0.780028
15.975155,-0.006279,-0.780141
15.994203,-0.006525,-0.780275
16.013251,-0.006164,-0.780392
16.03366,-0.005584,-0.780517
16.052708,-0.005156,-0.78062
16.073117,-0.004618,-0.780717
16.092165,-0.004526,-0.780795
16.112573,-0.005101,-0.78089
16.131622,-0.005418,-0.781002
16.15203,-0.004993,-0.781092
16.171078,-0.008606,-0.781224
16.191487,-0.008663,-0.781384
16.210535,-0.008895,-0.781559
16.229583,-0.009417,-0.781754
16.249992,-0.007474,-0.781921
16.26904,-0.005743,-0.782048
16.289449,-0.004823,-0.782145
16.308497,-0.004246,-0.782236
16.328906,-0.003791,-0.782317
16.347954,-0.003488,-0.782381
16.368362,-0.003217,-0.782454
16.387411,-0.002993,-0.782509
16.406459,-0.002817,-0.782563
16.426867,-0.002665,-0.78263
16.445916,-0.002522,-0.782679
16.466324,-0.002375,-0.782726
16.485372,-0.002229,-0.782774
16.505781,-0.002088,-0.782805
16.524829,-0.001957,-0.782847
16.545238,-0.001842,-0.782888
16.564286,-0.001734,-0.782927
16.584695,-0.001598,-0.782953
16.603743,-0.001502,-0.782991
16.622791,-0.001392,-0.783013
16.6432,-0.001334,-0.783037
16.662248,-0.001247,-0.783072
16.682656,-0.001136,-0.783092
16.701705,-0.00099,-0.783111
16.722113,-0.000865,-0.78313
16.741161,-0.000764,-0.783148
16.76157,-0.000744,-0.783166
16.780618,-0.000548,-0.783168
16.801027,-0.00022,-0.783183
16.820075,-3.9e-05,-0.783186
16.839123,0.0,-0.783186
16.859532,0.0,-0.783186
16.87858,0.0,-0.783186
16.898989,0.0,-0.783186
16.918037,0.0,-0.783186
16.938445,0.0,-0.783186
16.957494,0.0,-0.783186
16.977902,0.0,-0.783186
16.99695,0.0,-0.783186
17.017359,0.0,-0.783186
17.036407,0.0,-0.783186
17.055455,0.0,-0.783186
17.075864,0.0,-0.783186
17.094912,0.0,-0.783186
17.115321,0.0,-0.783186
17.134369,0.0,-0.783186
17.154778,0.0,-0.783186
17.173826,0.0,-0.783186
17.194235,0.0,-0.783186
17.213283,0.0,-0.783186
17.232331,0.0,-0.783186
17.252739,0.0,-0.783186
17.271788,0.0,-0.783186
17.292196,0.0,-0.783186
17.311244,0.0,-0.783186
17.331653,0.0,-0.783186
17.350701,0.0,-0.783186
17.37111,0.0,-0.783186
17.390158,0.0,-0.783186
17.410567,0.0,-0.783186
17.429615,0.0,-0.783186
17.448663,0.0,-0.783186
17.469072,0.0,-0.783186
17.48812,0.0,-0.783186
17.508528,0.0,-0.783186
17.527577,0.0,-0.783186
17.547985,0.0,-0.783186
17.567033,0.0,-0.783186
17.587442,0.0,-0.783186
17.60649,0.0,-0.783186
17.626899,0.0,-0.783186
17.645947,0.0,-0.783186
17.664995,0.0,-0.783186
17.685404,0.0,-0.783186
17.704452,0.0,-0.783186
17.724861,0.0,-0.783186
17.743909,0.0,-0.783186
17.764318,0.0,-0.783186
17.783366,0.0,-0.783186
17.803774,0.0,-0.783186
17.822822,0.0,-0.783186
17.843231,0.0,-0.783186
17.862279,0.0,-0.783186
17.881327,0.0,-0.783186
17.901736,0.0,-0.783186
17.920784,0.0,-0.783186
17.941193,0.0,-0.783186
17.960241,0.0,-0.783186
17.98065,0.0,-0.783186
17.999698,-0.001354,-0.783192
18.020107,-0.003559,-0.783243
18.039155,-0.004184,-0.783317
18.059563,-0.005357,-0.783407
18.078612,-0.006194,-0.78353
18.09766,-0.006841,-0.783652
18.118068,-0.007766,-0.783801
18.137116,-0.008311,-0.783961
18.157525,-0.009405,-0.78412
18.176573,-0.01054,-0.784329
18.196982,-0.012391,-0.784553
18.21603,-0.015258,-0.784817
18.236439,-0.011931,-0.785094
18.255487,-0.034259,-0.785595
18.274535,-0.027728,-0.786191
18.294944,-0.0015,-0.786532
18.313992,-0.001146,-0.786525
18.334401,-0.005218,-0.786629
18.353449,-0.001183,-0.786676
18.373857,0.00057,-0.786684
18.392905,-0.000763,-0.786682
18.413314,-0.001928,-0.786714
18.432362,-0.002399,-0.786756
18.452771,-0.001771,-0.786799
18.471819,-0.001508,-0.786825
18.490867,-0.001215,-0.786849
18.511276,-0.000985,-0.786881
18.530324,-0.000719,-0.786893
18.550733,-0.000486,-0.786905
18.569781,-0.000318,-0.786912
18.59019,-0.000172,-0.786917
18.609238,-6.2e-05,-0.786918
18.629646,3e-06,-0.786917
18.648695,1e-06,-0.786919
18.669103,0.0,-0.786919
18.688151,0.0,-0.786919
18.707199,0.0,-0.786919
18.727608,0.0,-0.786919
18.746656,0.0,-0.786919
18.767065,0.0,-0.786919
18.786113,0.0,-0.786919
18.806522,0.0,-0.786919
18.82557,0.0,-0.786919
18.845979,0.0,-0.786919
18.865027,0.0,-0.786919
18.885435,0.0,-0.786919
18.904484,0.0,-0.786919
18.923532,0.0,-0.786919
18.94394,0.0,-0.786919
18.962989,0.0,-0.786919
18.983397,0.0,-0.786919
19.002445,0.0,-0.786919
19.022854,0.0,-0.786919
19.041902,0.0,-0.786919
19.062311,0.0,-0.786919
19.081359,0.0,-0.786919
19.100407,-0.0,-0.786919
19.120816,-1e-05,-0.786917
19.139864,-3.4e-05,-0.786915
19.160273,-6.1e-05,-0.786926
19.179321,-9.7e-05,-0.786922
19.199729,-0.000135,-0.786918
19.218778,-0.000189,-0.786927
19.239186,-0.000245,-0.786925
19.258234,-0.000307,-0.786932
19.278643,-0.000564,-0.786943
19.297691,-0.000865,-0.786953
19.316739,-0.001189,-0.786979
19.337148,-0.001534,-0.787006
19.356196,-0.002012,-0.787045
19.376605,-0.002572,-0.787086
19.395653,-0.002373,-0.78713
19.416062,-0.002371,-0.787177
19.43511,-0.002215,-0.787226
19.455518,-0.002198,-0.787268
19.474567,-0.001639,-0.787305
19.494975,-0.001149,-0.787334
19.514023,-0.000387,-0.787354
19.533072,-6.8e-05,-0.787352
19.55348,-0.000957,-0.787367
19.572528,-0.001028,-0.787384
19.592937,-0.000753,-0.78741
19.611985,-0.001342,-0.787426
19.632394,-0.001624,-0.787445
19.651442,-0.001662,-0.787486
19.671851,-0.001221,-0.787509
19.690899,-0.000356,-0.787519
19.711308,0.001304,-0.787514
19.730356,0.001504,-0.787485
19.749404,0.001671,-0.787456
19.769812,0.001661,-0.78741
19.788861,0.00163,-0.787384
19.809269,0.001434,-0.787356
19.828317,0.000783,-0.787336
19.848726,0.0,-0.787332
19.867774,0.0,-0.787332
19.888183,0.0,-0.787332
19.907231,0.0,-0.787332
19.926279,0.0,-0.787332
19.946688,0.0,-0.787332
19.965736,0.0,-0.787332
19.986145,0.0,-0.787332
20.005193,0.0,-0.787332
20.025601,0.0,-0.787332
20.04465,0.0,-0.787332
20.065058,0.0,-0.787332
20.084106,0.0,-0.787332
20.104515,0.0,-0.787332
20.123563,0.0,-0.787332
20.142611,0.0,-0.787332
20.16302,0.0,-0.787332
20.182068,0.0,-0.787332
20.202477,0.0,-0.787332
20.221525,0.0,-0.787332
20.241934,0.0,-0.787332
20.260982,0.0,-0.787332
20.281391,0.0,-0.787332
20.300439,0.0,-0.787332
20.320847,0.0,-0.787332
20.339895,0.0,-0.787332
20.358944,0.0,-0.787332
20.379352,0.0,-0.787332
20.3984,0.0,-0.787332
20.418809,0.0,-0.787332
20.437857,0.0,-0.787332
20.458266,0.0,-0.787332
20.477314,0.0,-0.787332
20.497723,0.0,-0.787332
20.516771,0.0,-0.787332
20.53718,0.0,-0.787332
20.556228,0.0,-0.787332
20.575276,0.0,-0.787332
20.595685,0.0,-0.787332
20.614733,0.0,-0.787332
20.635141,0.0,-0.787332
20.654189,0.0,-0.787332
20.674598,0.0,-0.787332
20.693646,0.0,-0.787332
20.714055,0.0,-0.787332
20.733103,0.0,-0.787332
20.752151,0.0,-0.787332
20.77256,0.0,-0.787332
20.791608,-0.002326,-0.787339
20.812017,-0.007073,-0.787416
20.831065,-0.012282,-0.787616
20.851474,-0.016526,-0.787899
20.870522,-0.016834,-0.788225
20.89093,-0.016393,-0.788568
20.909978,-0.012678,-0.788857
20.930387,-0.011895,-0.789094
20.949435,-0.012407,-0.789327
20.968483,-0.014021,-0.789588
20.988892,-0.014693,-0.789884
21.00794,-0.014252,-0.790177
21.028349,-0.014616,-0.790477
21.047397,-0.012693,-0.790732
21.067806,-0.009449,-0.791014
21.086854,-0.003566,-0.791054
21.107263,-0.014214,-0.791236
21.126311,-0.017525,-0.791539
21.146719,-0.019154,-0.791937
21.165768,-0.019546,-0.792312
21.184816,-0.020788,-0.792736
21.205224,-0.016449,-0.793091
21.224272,-0.015749,-0.793402
21.244681,-0.017136,-0.793724
21.263729,-0.019856,-0.794089
21.284138,-0.025085,-0.794539
21.303186,-0.029518,-0.795061
21.323595,-0.017665,-0.795526
21.342643,-0.010941,-0.795813
21.363052,0.0,-0.795884
21.3821,0.0,-0.795884
21.401148,0.0,-0.795884
21.421557,0.0,-0.795884
21.440605,0.0,-0.795884
21.461013,0.0,-0.795884
21.480062,0.0,-0.795884
21.50047,0.0,-0.795884
21.519518,0.0,-0.795884
21.539927,0.0,-0.795884
21.558975,0.0,-0.795884
21.578023,0.0,-0.795884
21.598432,0.0,-0.795884
21.61748,0.0,-0.795884
21.637889,0.0,-0.795884
21.656937,0.0,-0.795884
21.677346,0.0,-0.795884
21.696394,0.0,-0.795884
21.716802,0.0,-0.795884
21.735851,0.0,-0.795884
21.756259,0.0,-0.795884
21.775307,0.0,-0.795884
21.794355,0.0,-0.795884
21.814764,0.0,-0.795884
21.833812,0.0,-0.795884
21.854221,0.0,-0.795884
21.873269,0.0,-0.795884
21.893678,0.0,-0.795884
21.912726,0.0,-0.795884
21.933135,0.0,-0.795884
21.952183,0.0,-0.795884
21.972591,0.0,-0.795884
21.99164,0.0,-0.795884
22.010688,0.0,-0.795884
22.031096,0.0,-0.795884
22.050145,0.0,-0.795884
22.070553,0.0,-0.795884
22.089601,0.0,-0.795884
22.11001,0.0,-0.795884
22.129058,0.0,-0.795884
22.149467,0.0,-0.795884
22.168515,0.0,-0.795884
22.188924,0.0,-0.795884
22.207972,0.0,-0.795884
22.22702,0.0,-0.795884
22.247429,0.0,-0.795884
22.266477,0.0,-0.795884
22.286885,0.0,-0.795884
22.305934,0.0,-0.795884
22.326342,0.0,-0.795884
22.34539,0.0,-0.795884
22.365799,0.0,-0.795884
22.384847,0.0,-0.795884
22.403895,0.0,-0.795884
22.424304,0.0,-0.795884
22.443352,0.0,-0.795884
22.463761,0.0,-0.795884
22.482809,0.0,-0.795884
22.503218,0.0,-0.795884
22.522266,0.0,-0.795884
22.542674,0.0,-0.795884
22.561723,0.0,-0.795884
22.582131,0.0,-0.795884
22.601179,0.0,-0.795884
22.620228,0.0,-0.795884
22.640636,0.0,-0.795884
22.659684,0.0,-0.795884
22.680093,0.0,-0.795884
22.699141,0.0,-0.795884
22.71955,0.0,-0.795884
22.738598,0.0,-0.795884
22.759007,0.0,-0.795884
22.778055,0.0,-0.795884
22.798464,0.0,-0.795884
22.817512,0.0,-0.795884
